{"cameraMode":{"drawMode":0,"name":"Shaded","section":"Shading Mode"},"sceneLighting":false,"audioPlay":false,"sceneViewState":{"showFog":true,"showMaterialUpdate":false,"showSkybox":false,"showFlares":true,"showImageEffects":true,"showParticleSystems":true},"in2DMode":false,"pivot":{"x":0.9098523855209351,"y":0.341170072555542,"z":-0.07628941535949707},"rotation":{"x":0.024525389075279237,"y":0.9718203544616699,"z":-0.20288251340389253,"w":0.11747850477695465},"size":2.282820463180542,"orthographic":false}