{"cameraMode":{"drawMode":0,"name":"Shaded","section":"Shading Mode"},"sceneLighting":true,"audioPlay":false,"sceneViewState":{"showFog":true,"showMaterialUpdate":false,"showSkybox":true,"showFlares":true,"showImageEffects":true,"showParticleSystems":true},"in2DMode":false,"pivot":{"x":-1.6609477996826172,"y":1.2648563385009766,"z":0.399505615234375},"rotation":{"x":-0.036019567400217059,"y":0.9102205038070679,"z":-0.08104953169822693,"w":-0.4045148193836212},"size":9.550000190734864,"orthographic":false}